{
  "stats": {
    "total": 1,
    "wr": 100.0,
    "pnl": 13.499999999999996,
    "ret": 4.499999999999999,
    "mdd": 13.55571004693813,
    "final": 313.5,
    "pf": 13.499999999999996,
    "ext_n": 0,
    "ext_wr": 0,
    "ext_pnl": 0,
    "nrm_n": 1,
    "nrm_pnl": 13.499999999999996
  },
  "trades": [
    {
      "coin": "JUP",
      "side": "LONG",
      "entry": 0.15113,
      "exit": 0.16692499999999996,
      "size": 854.7008547008558,
      "pnl": 13.499999999999996,
      "reason": "止盈",
      "time": "03-01 08:00",
      "extreme": "负费率_LONG",
      "funding": -0.0001045802
    }
  ]
}